"","receiver","id_pk","station_name","deploy_date_time","recover_date_time","deploy_lat","deploy_long","detection_count","sum_deploy"
"1","VR2-2912",2093,"07 MG entremontes","00:00.0","00:00.0",38.5228,-28.622,11651,43777
"2","VR2-2914",2082,"03 MG caldeirinha fora","00:00.0","00:00.0",38.5164,-28.6264,128307,614714
"3","VR2-2920",2078,"02 MG almeida","00:00.0","00:00.0",38.5167,-28.6319,1549,8189
"4","VR2-2961",2075,"01 MG pasteleiro","00:00.0","00:00.0",38.51973,-28.63908,1547,1547
"5","VR2-2961",2076,"01 MG Pasteleiro","00:00.0","00:00.0",38.5197,-28.6391,796,796
"6","VR2-3054",2097,"08 MG doca","00:00.0","00:00.0",38.5285,-28.6203,27614,28135
"7","VR2-3055",2087,"06 MG ponta radares","00:00.0","00:00.0",38.5191,-28.6192,1817,15068
"8","VR2-4833",2304,"stMel","00:00.0","00:00.0",51.00435542,3.805413233,58,205
"9","VR2-5326",2388,"MerAsp","00:00.0","00:00.0",50.9723361,3.70150512,355,4050
"10","VR2-5773",1356,"AspOud","00:00.0","00:00.0",50.88042487,3.632977841,687,2271
"11","VR2-5936",1357,"stgKer","00:00.0","00:00.0",50.7917709,3.496742904,7697,30349
"12","VR2-7328",2086,"04 MG caldeirinha dentro","00:00.0","00:00.0",38.5183,-28.6278,95354,95354
"13","VR2AR-545564",1670,"500m","00:00.0","00:00.0",NA,NA,35418,35418
"14","VR2AR-545564",1677,"Belreef 2","00:00.0","00:00.0",51.4066,3.459,17362,17362
"15","VR2AR-545588",1687,"WS-250m","00:00.0","00:00.0",51.40839,3.45679,5952,43868
"16","VR2AR-545588",1855,"BPNS-Belreef1","00:00.0","00:00.0",51.40839,3.45679,19246,19246
"17","VR2AR-545718",1518,"bpns-C05AR1Belwind","00:00.0","00:00.0",51.671118,2.800503,166920,193321
"18","VR2AR-545718",2054,"bpns-CNB05","00:00.0","00:00.0",51.6703,2.80098,269500,301730
"19","VR2AR-545718",2726,"PC4C-C05-1","00:00.0","00:00.0",51.66781,2.799806,57847,57847
"20","VR2AR-545720",1519,"bpns-C05AR3Belwind","00:00.0","00:00.0",51.667386,2.79966,17423,97517
"21","VR2AR-545720",2056,"bpns-CNB06","00:00.0","00:00.0",51.66882,2.80399,393841,429455
"22","VR2AR-545720",2727,"PC4C-C05-2","00:00.0","00:00.0",51.667924,2.801819,89687,89687
"23","VR2AR-546043",1993,"bpns-RTNZ01","00:00.0","00:00.0",51.55004529,2.940354651,63433,63433
"24","VR2AR-546043",2051,"bpns-CNB02","00:00.0","00:00.0",51.67115,2.80438,241905,241905
"25","VR2AR-546043",2728,"PC4C-C05-3","00:00.0","00:00.0",51.667783,2.804181,97597,97597
"26","VR2AR-546044",1994,"bpns-RTNZ02","00:00.0","00:00.0",51.54877,2.93566,76079,76079
"27","VR2AR-546044",2052,"bpns-CNB03","00:00.0","00:00.0",51.66968,2.80741,193639,193639
"28","VR2AR-546044",2729,"PC4C-C05-4","00:00.0","00:00.0",51.669307,2.798596,52467,52467
"29","VR2AR-546045",1995,"bpns-RTNZ03","00:00.0","00:00.0",51.54813,2.93679,73289,73289
"30","VR2AR-546045",2053,"bpns-CNB04","00:00.0","00:00.0",51.67174,2.79819,132606,132606
"31","VR2AR-546045",2730,"PC4C-C05-5","00:00.0","00:00.0",51.669191,2.800965,101233,101233
"32","VR2AR-546046",1996,"bpns-RTNZ04","00:00.0","00:00.0",51.54795,2.93738,76479,76479
"33","VR2AR-546046",2057,"bpns-CNB07","00:00.0","00:00.0",51.66726,2.80668,317313,317313
"34","VR2AR-546047",1997,"bpns-RTNZ05","00:00.0","00:00.0",51.54766,2.93799,78099,78099
"35","VR2AR-546047",2058,"bpns-CNB08","00:00.0","00:00.0",51.6707,2.79492,103045,121697
"36","VR2AR-546047",2731,"PC4C-C05-6","00:00.0","00:00.0",51.66907215,2.803045659,119716,119716
"37","VR2AR-546048",1998,"bpns-RTNZ06","00:00.0","00:00.0",51.54584,2.94207,50723,50723
"38","VR2AR-546048",2059,"bpns-CNB09","00:00.0","00:00.0",51.66936,2.7976,149490,321178
"39","VR2AR-546048",2732,"PC4C-C05-7","00:00.0","00:00.0",51.669073,2.805157,92699,92699
"40","VR2AR-546049",1999,"bpns-RTNZ07","00:00.0","00:00.0",51.5456,2.94265,43687,43687
"41","VR2AR-546051",2062,"bpns-CNB12","00:00.0","00:00.0",51.66854,2.79434,70460,70460
"42","VR2AR-546052",2063,"bpns-CNB13","00:00.0","00:00.0",51.66725,2.79721,87311,185643
"43","VR2AR-546052",2734,"PC4C-C05-9","00:00.0","00:00.0",51.670454,2.801809,95955,95955
"44","VR2AR-546621",2735,"PC4C-C05-10","00:00.0","00:00.0",51.670484,2.803925,89000,89000
"45","VR2AR-546622",2736,"PC4C-F05-1","00:00.0","00:00.0",51.703208,2.80724,125844,125844
"46","VR2AR-546891",2725,"PC4C-F05-2","00:00.0","00:00.0",51.70418,2.80918,108556,108556
"47","VR2AR-546892",2737,"PC4C-F05-3","00:00.0","00:00.0",51.703239,2.810504,124319,124319
"48","VR2AR-546893",2738,"PC4C-F05-4","00:00.0","00:00.0",51.702026,2.810773,131257,131257
"49","VR2AR-546894",2739,"PC4C-F05-5","00:00.0","00:00.0",51.70135,2.808863,131040,131040
"50","VR2AR-546895",2740,"PC4C-F05-6","00:00.0","00:00.0",51.7022,2.807082,129196,129196
"51","VR2AR-546896",2741,"PC4C-F05-7","00:00.0","00:00.0",51.702623,2.808361,129694,129694
"52","VR2AR-546897",2742,"PC4C-F05-8","00:00.0","00:00.0",51.702645,2.810057,136007,136007
"53","VR2C69-450113",1927,"bpns-LottoBuoy","00:00.0","00:00.0",51.5666667,2.983333,6023,87896
"54","VR2C69-450114",1376,"bpns-B05BELWIND","00:00.0","00:00.0",51.671667,2.796965,14419,70796
"55","VR2Tx-480061",1634,"bpns-Kilmore","00:00.0","00:00.0",51.3955,2.4965,29717,29717
"56","VR2Tx-480061",2055,"bpns-WKSabrina","00:00.0","00:00.0",51.221667,2.518683,38429,83084
"57","VR2Tx-480061",2162,"bpns-Duc de Normandie","00:00.0","00:00.0",51.4253,2.6055,33,33
"58","VR2Tx-480063",2050,"bpns-CNB14","00:00.0","00:00.0",51.66594,2.79998,180335,180335
"59","VR2Tx-480720",2178,"VLVS7","00:00.0","00:00.0",51.35019,4.15036,338510,338510
"60","VR2Tx-480721",2166,"VLVS2","00:00.0","00:00.0",51.34472,4.13151,342038,342038
"61","VR2Tx-480722",2175,"VLVS14","00:00.0","00:00.0",51.36045,4.17565,340888,340888
"62","VR2Tx-480723",2118,"bpns-BIRKENFELS","00:00.0","00:00.0",51.649333,2.533833333,8,8
"63","VR2Tx-480723",2651,"bpns-CPowerReefballs","00:00.0","00:00.0",51.5800044,2.9954894,66000,157869
"64","VR2Tx-480876",2505,"S09-2","00:00.0","00:00.0",51.097162,5.11063,283000,794466
"65","VR2W-106251",1248,"R01","00:00.0","00:00.0",51.552,2.923,5620,232793
"66","VR2W-106251",1549,"bpns-OOSTDYCK","00:00.0","00:00.0",51.356333,2.518666667,3,3
"67","VR2W-106252",1251,"R02","00:00.0","00:00.0",51.55092,2.92157,57153,57153
"68","VR2W-106253",1253,"R03","00:00.0","00:00.0",51.54947,2.92248,41120,76809
"69","VR2W-108474",1550,"bpns-S4","00:00.0","00:00.0",51.417167,3.0475,10,89
"70","VR2W-110778",1252,"R04","00:00.0","00:00.0",51.54957,2.92508,40242,356378
"71","VR2W-110778",1438,"bpns-KB2","00:00.0","00:00.0",51.350667,2.703666667,24,24
"72","VR2W-110779",1254,"R05","00:00.0","00:00.0",51.55127,2.92557,39869,276505
"73","VR2W-110779",1274,"bpns-VG2","00:00.0","00:00.0",51.4325,2.802,15,179
"74","VR2W-110780",1255,"R06","00:00.0","00:00.0",51.54935,2.92983,318,1103
"75","VR2W-110781",1256,"R07","00:00.0","00:00.0",51.54847,2.92752,50768,197677
"76","VR2W-110782",1257,"R08","00:00.0","00:00.0",51.5469,2.92828,3874,62485
"77","VR2W-110783",1258,"R09","00:00.0","00:00.0",51.54692,2.93085,2771,274498
"78","VR2W-110784",1259,"R10","00:00.0","00:00.0",51.54843,2.9316,1797,150725
"79","VR2W-110784",1265,"bpns-WK12","00:00.0","00:00.0",51.461167,3.107,1449,20223
"80","VR2W-110869",1650,"bh-6","00:00.0","00:00.0",51.2505032,3.544414,1040,537642
"81","VR2W-110869",2774,"ak-34","00:00.0","00:00.0",51.1282853,5.1413858,101,15288
"82","VR2W-112285",1416,"bh-31","00:00.0","00:00.0",51.2903715,3.7164467,21947,22011
"83","VR2W-112285",2129,"HH7","00:00.0","00:00.0",51.055307,5.208966,348,49452
"84","VR2W-112286",1332,"bh-10","00:00.0","00:00.0",51.2596961,3.5803334,895,163216
"85","VR2W-112286",2029,"kn-Lier","00:00.0","00:00.0",51.14993,4.58453,1260,1321
"86","VR2W-112286",2392,"RingvWz","00:00.0","00:00.0",51.01406284,3.720740115,13,232
"87","VR2W-112287",1482,"bh-2","00:00.0","00:00.0",51.3306565,3.2236553,391,391
"88","VR2W-112287",2256,"s-2","30:00.0","00:00.0",51.00588,3.77876,13817,110437
"89","VR2W-112288",1386,"bh-33","00:00.0","00:00.0",51.3134659,3.7321561,1091,1982
"90","VR2W-112288",1568,"ak-22","00:00.0","00:00.0",50.9356423,5.4970086,3097,46238
"91","VR2W-112289",1358,"stgAsp","00:00.0","00:00.0",51.00435542,3.805413233,65,3476
"92","VR2W-112289",1390,"ws-25B","00:00.0","00:00.0",51.3465544,3.800172,40,516
"93","VR2W-112290",1359,"Tsost","00:00.0","00:00.0",50.99154287,3.723474181,165,2662
"94","VR2W-112290",1415,"bh-30","00:00.0","00:00.0",51.2448946,3.7481689,401832,450507
"95","VR2W-112290",2674,"ak-21","00:00.0","00:00.0",50.888339,5.57446,749,102940
"96","VR2W-112290",3282,"Test Rotselaar","00:00.0","00:00.0",50.947345,4.702879,9,66
"97","VR2W-112291",1389,"ws-16","00:00.0","00:00.0",51.3544901,3.795027,62,894
"98","VR2W-112291",2396,"Wett","00:00.0","00:00.0",51.0134878,3.929684123,243,498
"99","VR2W-112292",1419,"bh-5","00:00.0","00:00.0",51.2503008,3.5426743,247350,266632
"100","VR2W-112292",2033,"s-Dendermonde","00:00.0","00:00.0",51.03855,4.1175,35202,41572
"101","VR2W-112293",2415,"Tst","00:00.0","00:00.0",51.00435542,3.805413233,22,50
"102","VR2W-112294",1409,"bh-21","00:00.0","00:00.0",51.2701028,3.7117942,42960,43436
"103","VR2W-112294",2179,"VLVS8","00:00.0","00:00.0",51.35151,4.15666,220,220
"104","VR2W-112295",1500,"s-8","00:00.0","00:00.0",51.14319,4.33078,6587,8288
"105","VR2W-112295",1641,"bh-16","00:00.0","00:00.0",51.267064,3.6744238,108091,108091
"106","VR2W-112295",2400,"Dend","00:00.0","00:00.0",51.0346571,4.106097714,141,236
"107","VR2W-112296",1442,"bh-37","00:00.0","00:00.0",51.3389165,3.7679196,32772,32891
"108","VR2W-112296",2291,"bn-Walem","00:00.0","00:00.0",51.07183,4.45474,16,133
"109","VR2W-112297",1481,"bh-1","00:00.0","00:00.0",51.3412021,3.2162872,7,7
"110","VR2W-112297",2027,"s-Wetteren","00:00.0","00:00.0",51.00164,3.85695,64,49672
"111","VR2W-112297",2297,"RingvZ","00:00.0","00:00.0",51.00707559,3.751243194,786,49274
"112","VR2W-112298",1360,"soAsp","00:00.0","00:00.0",50.91475257,3.672918896,6479,7770
"113","VR2W-112298",1648,"bh-32","00:00.0","00:00.0",51.3081908,3.7241653,6506,6506
"114","VR2W-112299",1361,"slAsp","00:00.0","00:00.0",50.91736686,3.665685904,10020,11936
"115","VR2W-112299",1393,"ws-18","00:00.0","00:00.0",51.3482621,3.8147323,135,313
"116","VR2W-112370",1620,"ws-W7","00:00.0","00:00.0",51.410173,3.454515,1112,161132
"117","VR2W-113521",1362,"stgOud","00:00.0","00:00.0",50.85235821,3.622367915,125,1590
"118","VR2W-113521",1496,"s-4","00:00.0","00:00.0",51.04231,4.0945,7477,12413
"119","VR2W-113522",1414,"bh-29","00:00.0","00:00.0",51.2396828,3.7474982,38560,41268
"120","VR2W-113522",1698,"HH8","00:00.0","00:00.0",51.076378,5.170783,89833,277392
"121","VR2W-113522",2354,"RingvWn","00:00.0","00:00.0",51.0535098,3.671468111,158,158
"122","VR2W-113523",1649,"bh-34","00:00.0","00:00.0",51.3223102,3.7290976,4843,4843
"123","VR2W-113524",1337,"me-7-2","00:00.0","00:00.0",51.082219,4.366229,501,928
"124","VR2W-113524",1411,"bh-24","00:00.0","00:00.0",51.2719206,3.7319803,879,879
"125","VR2W-113524",2346,"saTBZwa","00:00.0","00:00.0",50.88887981,3.677766148,5,8
"126","VR2W-113525",1639,"bh-12","00:00.0","00:00.0",51.2655417,3.6551322,2651,2651
"127","VR2W-113525",2308,"RingvN","00:00.0","00:00.0",51.10424598,3.711571312,30,30
"128","VR2W-113525",2433,"ak-38","00:00.0","00:00.0",51.168795,4.835036,1,1
"129","VR2W-113526",1406,"bh-17","00:00.0","00:00.0",51.2677225,3.6813137,15891,15891
"130","VR2W-113526",1493,"s-1","00:00.0","00:00.0",51.02811,3.78691,3357,4304
"131","VR2W-113527",1387,"ws-12A","00:00.0","00:00.0",51.3648799,3.765539,30,842
"132","VR2W-113527",2341,"soOud","00:00.0","00:00.0",50.84843846,3.616681093,51,594
"133","VR2W-113528",1421,"bh-7","00:00.0","00:00.0",51.254878,3.5621802,27514,27584
"134","VR2W-113528",1501,"s-9","00:00.0","00:00.0",51.19069,4.32954,1733,4827
"135","VR2W-113528",2301,"T0","00:00.0","00:00.0",51.00515148,3.746079172,22,74
"136","VR2W-113529",1365,"sIOud","00:00.0","00:00.0",50.85112213,3.61988108,7,35
"137","VR2W-113529",2487,"zandvlietsluis haven B","00:00.0","00:00.0",51.34458,4.30243,1138,2306
"138","VR2W-114258",1635,"bpns-WZ","00:00.0","00:00.0",51.376167,3.178666667,236,452
"139","VR2W-114312",1554,"bpns-W1","00:00.0","00:00.0",51.391333,3.303666667,32,402
"140","VR2W-115428",1631,"bpns-OH6","00:00.0","00:00.0",51.239667,2.9215,9,516
"141","VR2W-115428",1644,"bh-23","00:00.0","00:00.0",51.2672795,3.7173234,612,612
"142","VR2W-115429",1410,"bh-22","00:00.0","00:00.0",51.2684107,3.718915,5701,6696
"143","VR2W-115429",2030,"bn-Lier","00:00.0","00:00.0",51.11731,4.54958,401,448
"144","VR2W-115430",1367,"ngAspsa","00:00.0","00:00.0",50.91854362,3.666244163,14,99
"145","VR2W-115430",1407,"bh-18","00:00.0","00:00.0",51.2666113,3.6865616,6,6
"146","VR2W-115430",1497,"s-5","00:00.0","00:00.0",51.09258,4.17083,1328,5213
"147","VR2W-115431",1368,"ngAspso","00:00.0","00:00.0",50.91728709,3.669597115,12,17
"148","VR2W-115431",2181,"VLVS10","00:00.0","00:00.0",51.34117,4.16606,1430,1430
"149","VR2W-115432",1388,"ws-14","00:00.0","00:00.0",51.3601518,3.7798113,20,449
"150","VR2W-115432",2408,"soMrbk","00:00.0","00:00.0",50.8321884,3.587871973,209,438
"151","VR2W-115433",1369,"ngAspm","00:00.0","00:00.0",50.91786334,3.668031789,27,36
"152","VR2W-115434",1370,"ngOudm","00:00.0","00:00.0",50.8500077,3.620647993,7,14
"153","VR2W-115434",1525,"ws-23","00:00.0","00:00.0",51.3552573,3.7609896,192,753
"154","VR2W-115435",1341,"bh-26","00:00.0","00:00.0",51.2561385,3.7845731,1628,7179
"155","VR2W-115435",2273,"du-Hamveer","00:00.0","00:00.0",51.10507,4.14106,1,1
"156","VR2W-115435",2369,"ngOudso","00:00.0","00:00.0",50.84941689,3.619847034,5,6
"157","VR2W-115436",1371,"ngOudsa","00:00.0","00:00.0",50.85077422,3.621406632,11,65
"158","VR2W-115436",1544,"ak-36","00:00.0","00:00.0",51.159335,4.85635,2615,197031
"159","VR2W-115436",1646,"bh-28","00:00.0","00:00.0",51.2453761,3.7607615,7,7
"160","VR2W-115437",1408,"bh-20","00:00.0","00:00.0",51.269978,3.7030611,186476,186476
"161","VR2W-115438",1343,"","","00:00.0",NA,NA,44,252
"162","VR2W-115438",1423,"bh-9","00:00.0","00:00.0",51.2591163,3.5789817,5408,9137
"163","VR2W-115438",2026,"s-Wichelen","00:00.0","00:00.0",51.0168,3.92527,18,14978
"164","VR2W-115439",1405,"bh-14","00:00.0","30:00.0",51.2608054,3.669741,137,151
"165","VR2W-115439",1712,"HH1","00:00.0","00:00.0",50.941845,5.334551,142,22270
"166","VR2W-115440",1404,"bh-13","00:00.0","00:00.0",51.2664563,3.6608905,104194,157135
"167","VR2W-115440",2177,"VLVS6","00:00.0","00:00.0",51.36099,4.14259,2,62
"168","VR2W-115441",1498,"s-6","00:00.0","00:00.0",51.12287,4.2184,6452,16736
"169","VR2W-115441",1640,"bh-15","00:00.0","00:00.0",51.2602787,3.6691424,3228,3228
"170","VR2W-115442",1499,"s-7","00:00.0","00:00.0",51.11414,4.24123,2492,13827
"171","VR2W-115442",1645,"bh-25","00:00.0","00:00.0",51.268928,3.7506924,44,44
"172","VR2W-115443",1413,"bh-27","00:00.0","00:00.0",51.2574609,3.7637309,34,34
"173","VR2W-115443",1716,"HH6","00:00.0","00:00.0",51.041797,5.21874,14922,52039
"174","VR2W-115444",1422,"bh-8","00:00.0","00:00.0",51.265006,3.5547265,1824,1824
"175","VR2W-115444",2034,"s-Vlassenbroek","00:00.0","00:00.0",51.03955,4.16605,63,871
"176","VR2W-115444",2373,"SOmZwa","00:00.0","00:00.0",50.88675142,3.662822026,202,3470
"177","VR2W-115445",1327,"bh-36","00:00.0","00:00.0",51.3346375,3.7682595,158,103284
"178","VR2W-115445",2406,"Zult","00:00.0","00:00.0",50.92269133,3.431390431,19,19
"179","VR2W-115446",1403,"bh-11","00:00.0","00:00.0",51.2627862,3.616269,5611,5611
"180","VR2W-115447",1417,"bh-35","00:00.0","00:00.0",51.3290957,3.7541909,5838,5838
"181","VR2W-119047",1445,"ma-8","00:00.0","00:00.0",51.636119,5.992666,20,46
"182","VR2W-119048",1443,"ma-6","00:00.0","00:00.0",51.637577,5.996046,5,12
"183","VR2W-119049",1446,"ma-9","00:00.0","00:00.0",51.637191,5.993428,8,13
"184","VR2W-119052",1444,"ma-7","00:00.0","00:00.0",51.637311,5.993471,10,27
"185","VR2W-119056",1457,"ma-5","00:00.0","00:00.0",50.882698,5.706716,629,756
"186","VR2W-119057",1453,"ma-1","00:00.0","00:00.0",50.863936,5.699716,139,307
"187","VR2W-120092",1456,"ma-4","00:00.0","00:00.0",50.878418,5.677845,32116,32157
"188","VR2W-120095",1454,"ma-2","00:00.0","00:00.0",50.865472,5.697744,326,292345
"189","VR2W-120873",1536,"ws-PVTSS","00:00.0","00:00.0",51.4018055,3.7089134,12652,13793
"190","VR2W-120874",1520,"ws-11","00:00.0","00:00.0",51.4116308,3.7074635,5674,6367
"191","VR2W-120875",1664,"ws-2C","00:00.0","00:00.0",51.4169613,3.7188079,54,1077
"192","VR2W-120876",1522,"ws-13","00:00.0","00:00.0",51.4071859,3.7080883,35111,35753
"193","VR2W-120877",1526,"ws-25","00:00.0","00:00.0",51.351926,3.773559,398,1318
"194","VR2W-120878",1523,"ws-15","00:00.0","00:00.0",51.386465,3.7080085,891,5450
"195","VR2W-120879",1667,"ws-K","00:00.0","00:00.0",51.3508203,3.7866595,72,79
"196","VR2W-120880",1665,"ws-A1","00:00.0","00:00.0",51.3724995,3.7229828,99,1310
"197","VR2W-120881",1530,"ws-A3","00:00.0","00:00.0",51.3655375,3.734487,110,569
"198","VR2W-120882",1528,"ws-4","00:00.0","00:00.0",51.3970414,3.7153436,1162,2912
"199","VR2W-120883",1529,"ws-6","00:00.0","00:00.0",51.3913098,3.7161726,607,1882
"200","VR2W-120884",1531,"ws-A5","00:00.0","00:00.0",51.3584544,3.7454284,451,884
"201","VR2W-120885",1534,"ws-PPC","00:00.0","00:00.0",51.353339,3.7522275,244,599
"202","VR2W-120886",1524,"ws-15A","00:00.0","00:00.0",51.3805457,3.717259,519,1992
"203","VR2W-120887",1532,"ws-PPB","00:00.0","00:00.0",51.3536136,3.7376409,73,301
"204","VR2W-122155",1579,"ak-9","00:00.0","00:00.0",50.650369,5.611382,5778,132328
"205","VR2W-122156",2835,"ak-12","00:00.0","00:00.0",50.657856,5.644622,114,1817
"206","VR2W-122157",3290,"ak-14","00:00.0","00:00.0",50.714109,5.672638,59,59
"207","VR2W-122319",1377,"ak-31","30:00.0","00:00.0",51.097875,5.108846,3,195431
"208","VR2W-122320",1378,"de-7","00:00.0","00:00.0",50.9916225,5.0542423,13654,17788
"209","VR2W-122320",1736,"M-6","00:00.0","00:00.0",51.05546566,4.442865645,4462,16438
"210","VR2W-122321",1464,"ak-32","00:00.0","00:00.0",51.098211,5.108959,9,280921
"211","VR2W-122322",1379,"s-2a","00:00.0","00:00.0",51.02032,3.96965,1880,840234
"212","VR2W-122323",1662,"de-4","00:00.0","00:00.0",51.0089239,4.9623949,10159,10159
"213","VR2W-122324",1380,"ma-3","00:00.0","00:00.0",50.959753,5.742085,118,135
"214","VR2W-122325",1478,"de-2","00:00.0","00:00.0",50.9942609,4.8938203,37,98
"215","VR2W-122325",1495,"s-3","00:00.0","00:00.0",51.0434,4.04783,47141,98046
"216","VR2W-122326",1401,"ak-28","00:00.0","00:00.0",51.096684,5.108784,116191,299015
"217","VR2W-122327",1565,"ak-2","00:00.0","00:00.0",50.618026,5.591871,155,176
"218","VR2W-122328",1574,"ak-3","00:00.0","00:00.0",50.62285,5.580676,173,1263
"219","VR2W-122330",1427,"de-8","00:00.0","00:00.0",50.991246,5.0403814,27536,27545
"220","VR2W-122330",1746,"ak-27","00:00.0","00:00.0",50.9406792,5.3643243,17,7512
"221","VR2W-122331",1385,"ak-30","00:00.0","00:00.0",50.097208,5.109596,53,91093
"222","VR2W-122332",1558,"ak-1","00:00.0","00:00.0",50.614739,5.579158,315,886
"223","VR2W-122333",1474,"ak-24","00:00.0","00:00.0",50.9380396,5.4373164,1168,87169
"224","VR2W-122333",1595,"HH10","00:00.0","00:00.0",51.154979,5.147086,71805,909367
"225","VR2W-122334",1572,"ak-26","00:00.0","00:00.0",50.9406125,5.3743823,70,197914
"226","VR2W-122335",1434,"de-16","00:00.0","00:00.0",50.9901667,5.0616675,622,622
"227","VR2W-122336",1473,"ak-x","00:00.0","00:00.0",51.097476,5.109196,6545,6607
"228","VR2W-122336",2258,"s-4c","00:00.0","00:00.0",51.07363,4.19007,1907,19520
"229","VR2W-122337",1425,"de-5","00:00.0","00:00.0",51.0026609,4.9914479,1743,1743
"230","VR2W-122338",1624,"ws-25A","00:00.0","00:00.0",51.352186,3.781008,1,249
"231","VR2W-122340",1569,"ak-23","00:00.0","00:00.0",50.9357743,5.487716,823,15311
"232","VR2W-122341",1663,"de-6","00:00.0","00:00.0",50.9898768,5.0152068,573,573
"233","VR2W-122344",1661,"de-3","00:00.0","00:00.0",51.0028729,4.9333539,51,51
"234","VR2W-122347",1564,"ak-19","00:00.0","00:00.0",50.8608382,5.6386158,1036,14280
"235","VR2W-122348",1433,"de-14","00:00.0","00:00.0",50.9902591,5.0602737,12789,16827
"236","VR2W-122348",1756,"M-5","00:00.0","00:00.0",51.0340958,4.471940005,768,4976
"237","VR2W-122349",2440,"ak-35","00:00.0","00:00.0",51.1576335,4.8653041,8000,123333
"238","VR2W-122350",1424,"de-1","00:00.0","00:00.0",50.9851617,4.8410025,1273,1273
"239","VR2W-122350",1590,"M-4","00:00.0","00:00.0",51.02483717,4.495207458,9406,184663
"240","VR2W-122351",1765,"ak-40","00:00.0","00:00.0",51.2281277,4.5332846,71947,118082
"241","VR2W-122353",1571,"ak-25","00:00.0","00:00.0",50.9385133,5.4270421,45980,198484
"242","VR2W-122354",1476,"ak-29","00:00.0","00:00.0",51.096888,5.1133155,468745,1687156
"243","VR2W-122357",2028,"gn-Lier","00:00.0","00:00.0",51.13594,4.59381,443,782
"244","VR2W-122358",1766,"ak-39","00:00.0","00:00.0",51.2248728,4.544249,7333,72039
"245","VR2W-122359",1596,"HH11","00:00.0","00:00.0",51.194393,5.155753,5656,11111
"246","VR2W-122360",1542,"ak-33","00:00.0","00:00.0",51.0985513,5.1029468,67114,496841
"247","VR2W-122361",1394,"ak-5","00:00.0","00:00.0",50.627465,5.573548,458,3461
"248","VR2W-122362",1382,"de-22","00:00.0","00:00.0",NA,NA,490,622
"249","VR2W-122362",1589,"M-3","00:00.0","00:00.0",51.0229057,4.497271313,10,130021
"250","VR2W-122363",1440,"de-20","00:00.0","00:00.0",50.9847044,5.0765513,75,75
"251","VR2W-122363",1469,"s-4a","00:00.0","00:00.0",51.03203,4.18166,308,5469
"252","VR2W-122364",1432,"de-13","00:00.0","00:00.0",50.9918161,5.0578433,126668,145918
"253","VR2W-122365",1578,"ak-8","00:00.0","00:00.0",50.648447,5.603056,1286,11131
"254","VR2W-122366",1560,"ak-11","00:00.0","00:00.0",50.65697,5.626992,949,1719
"255","VR2W-122367",1383,"de-15","00:00.0","00:00.0",NA,NA,1952,1952
"256","VR2W-122367",1430,"de-12","00:00.0","00:00.0",50.9911178,5.0574492,1214,9749
"257","VR2W-122367",1781,"s-4b","00:00.0","00:00.0",51.05593,4.20024,977,32777
"258","VR2W-123812",1395,"bpns-NIEUWPOORTKUST8","00:00.0","00:00.0",51.160167,2.691833333,3,17
"259","VR2W-123813",1449,"ws-STEEN","00:00.0","00:00.0",51.403409,3.465898,132,1189
"260","VR2W-123815",1619,"ws-W6","00:00.0","00:00.0",51.41834,3.453181,16,1710
"261","VR2W-123816",1451,"ws-WN2","00:00.0","00:00.0",51.428174,3.462181,28,1131
"262","VR2W-123817",1618,"ws-TRAWL","00:00.0","00:00.0",51.437785,3.470347,52,538
"263","VR2W-123818",1448,"ws-GVWSP","00:00.0","00:00.0",51.447341,3.470514,6,161
"264","VR2W-123819",1616,"ws-SP3","00:00.0","00:00.0",51.459333,3.4718333,40,73
"265","VR2W-123820",1611,"ws-DL7","00:00.0","00:00.0",51.471342,3.475013,21,160
"266","VR2W-123821",1612,"ws-DL9","00:00.0","00:00.0",51.465842,3.48868,14,20
"267","VR2W-123822",1547,"bpns-D1","00:00.0","00:00.0",51.2325,2.643166667,7,9
"268","VR2W-123823",1556,"bpns-WK14","00:00.0","00:00.0",51.3685,3.262,5,1483
"269","VR2W-123826",2172,"VLVS11","00:00.0","00:00.0",51.3572,4.17046,162,162
"270","VR2W-123827",2186,"bpns-WENDUINEBANKW","00:00.0","00:00.0",51.287167,2.879166667,9,14
"271","VR2W-123828",1545,"bpns-A1BIS","00:00.0","00:00.0",51.361333,2.967,9,183
"272","VR2W-123829",1845,"bpns-S7","00:00.0","00:00.0",51.399667,3.173666667,89,172
"273","VR2W-123830",1610,"ws-DL12","00:00.0","00:00.0",51.466175,3.502181,3,43
"274","VR2W-123831",1615,"ws-OGDL","00:00.0","00:00.0",51.46395,3.51263,26,237
"275","VR2W-123832",1614,"ws-OG10","00:00.0","00:00.0",51.474675,3.510681,8,492
"276","VR2W-123835",2173,"VLVS12","00:00.0","00:00.0",51.35376,4.18538,108,108
"277","VR2W-124059",1576,"ak-6","00:00.0","00:00.0",50.633529,5.576963,1244,1254
"278","VR2W-124060",1384,"de-21","00:00.0","00:00.0",NA,NA,227,5539
"279","VR2W-124061",1429,"de-11","00:00.0","00:00.0",50.9922283,5.0549485,295,295
"280","VR2W-124061",1587,"M-1","00:00.0","00:00.0",51.01136918,4.520968635,1367,12432
"281","VR2W-124062",1584,"ak-4","00:00.0","00:00.0",50.62285,5.580676,1790,1793
"282","VR2W-124063",1577,"ak-7","00:00.0","00:00.0",50.636918,5.585103,137,1619
"283","VR2W-124064",1441,"de-23","00:00.0","00:00.0",50.98197,5.0780232,3565,3565
"284","VR2W-124064",2288,"S09","00:00.0","00:00.0",51.097162,5.11063,466860,946032
"285","VR2W-124065",1436,"de-19","00:00.0","00:00.0",50.9849358,5.075274,682,682
"286","VR2W-124066",1439,"de-18","00:00.0","00:00.0",50.9876189,5.0742895,219,219
"287","VR2W-124067",1559,"ak-10","00:00.0","00:00.0",50.654402,5.622823,402,429
"288","VR2W-124068",1561,"ak-13","00:00.0","00:00.0",50.702052,5.67876,8,8
"289","VR2W-124070",1437,"de-9","00:00.0","30:00.0",50.9912632,5.049155,14923,14927
"290","VR2W-124070",1803,"M-2","00:00.0","00:00.0",51.02082596,4.498485779,2946,60760
"291","VR2W-124077",1563,"ak-17","00:00.0","00:00.0",50.807726,5.674801,66,1130
"292","VR2W-124078",1428,"de-10","00:00.0","00:00.0",50.9916225,5.0542423,2220,2220
"293","VR2W-126194",1487,"ak-42","00:00.0","00:00.0",51.242076,4.403539,31,6890
"294","VR2W-126195",1486,"ak-41","00:00.0","00:00.0",51.239128,4.397469,82,1457
"295","VR2W-126196",1488,"ak-44","00:00.0","00:00.0",51.273737,4.332208,127,721
"296","VR2W-126197",1489,"ak-45","00:00.0","00:00.0",51.280982,4.329702,366,1554
"297","VR2W-126198",1490,"ak-46","00:00.0","00:00.0",51.344943,4.290537,117,3063
"298","VR2W-126199",1491,"ak-47","00:00.0","00:00.0",51.345793,4.278738,136,287
"299","VR2W-126200",1492,"ak-48","00:00.0","00:00.0",51.367743,4.3015,7,233
"300","VR2W-126201",2469,"bpns-Trapegeer","00:00.0","00:00.0",51.14033333,2.573,33,33
"301","VR2W-127022",1514,"S17","00:00.0","00:00.0",51.098163,5.109424,421491,1222383
"302","VR2W-127023",1509,"S02","00:00.0","00:00.0",51.096973,5.110242,124125,478810
"303","VR2W-127023",1830,"S07","00:00.0","00:00.0",51.096973,5.110242,353764,981562
"304","VR2W-127024",1511,"S13","00:00.0","00:00.0",51.097103,5.111644,429025,1377640
"305","VR2W-127025",2196,"S08","00:00.0","00:00.0",51.097872,5.109724,475279,1632563
"306","VR2W-127026",1591,"M-4A","00:00.0","00:00.0",51.025057,4.495476,7574,105420
"307","VR2W-127027",1508,"S10","00:00.0","00:00.0",51.097225,5.110328,433083,1243303
"308","VR2W-127028",1516,"S18","00:00.0","00:00.0",51.097433,5.109707,375581,1436014
"309","VR2W-127029",1517,"S14","00:00.0","00:00.0",51.098103,5.110244,479860,1475960
"310","VR2W-127031",1513,"S16","00:00.0","00:00.0",51.097907,5.109191,397082,1415613
"311","VR2W-127032",1510,"S12","00:00.0","00:00.0",51.096669,5.111477,358630,1205214
"312","VR2W-127033",1512,"S15","00:00.0","00:00.0",51.09763,5.108964,289191,1030886
"313","VR2W-127109",2174,"VLVS13","00:00.0","00:00.0",51.36983,4.17912,117,117
"314","VR2W-127110",1633,"bpns-BelwindReefballs","00:00.0","00:00.0",51.70442,2.81259,25,30041
"315","VR2W-127716",1985,"s-10a","00:00.0","00:00.0",51.235423,4.396673,290,3007
"316","VR2W-127719",1607,"s-8a","00:00.0","00:00.0",51.14222,4.32646,252,1902
"317","VR2W-127720",1604,"HH9","00:00.0","00:00.0",51.092742,5.137916,13085,93693
"318","VR2W-127721",1599,"HH4","00:00.0","00:00.0",50.99323,5.245137,585,54171
"319","VR2W-127722",1597,"HH2","00:00.0","00:00.0",50.965597,5.287241,224,15666
"320","VR2W-127724",1600,"HH5","00:00.0","00:00.0",51.016368,5.233414,44039,906403
"321","VR2W-127725",1630,"ws-HW6","00:00.0","00:00.0",51.43484,4.02702,16,386
"322","VR2W-127726",1598,"HH3","00:00.0","00:00.0",50.973296,5.270083,190,45942
"323","VR2W-127728",1605,"s-11","00:00.0","00:00.0",51.29646,4.2857,197,2774
"324","VR2W-127731",1627,"ws-53A","00:00.0","00:00.0",51.411167,4.029233,27,392
"325","VR2W-127732",1606,"s-12","00:00.0","00:00.0",51.30305,4.28731,30,367
"326","VR2W-127733",1629,"ws-FZ2","00:00.0","00:00.0",51.42601,4.03575,23,23
"327","VR2W-127733",2261,"ws-F42","00:00.0","00:00.0",51.42786,4.03246,119,119
"328","VR2W-127734",1628,"ws-55","00:00.0","00:00.0",51.40221,4.02998,79,611
"329","VR2W-127735",1625,"ws-42A","00:00.0","00:00.0",51.42251303,4.032860596,15,272
"330","VR2W-127737",1626,"ws-53","00:00.0","00:00.0",51.41651283,4.027360624,33,353
"331","VR2W-127738",1608,"s-9a","00:00.0","00:00.0",51.19068,4.33602,156,4732
"332","VR2W-129563",2167,"VLVS3","00:00.0","00:00.0",51.33728,4.13362,18,18
"333","VR2W-129565",2169,"VLVS5","00:00.0","00:00.0",51.34251,4.13668,35,35
"334","VR2W-129568",2165,"VLVS1","00:00.0","00:00.0",51.35069,4.11802,22,22
"335","VR2W-129572",2168,"VLVS4","00:00.0","00:00.0",51.3517,4.13251,13,13
